[
  {
    "name": "(2015 CU)",
    "hazard_level": 1,
    "relative_velocity": 21.3708480944,
    "diameter": 0.411187571
  },
  {
    "name": "(2016 CU)",
    "hazard_level": 1,
    "relative_velocity": 21.3708480944,
    "diameter": 0.411187571
  },
  {
    "name": "(2017 CU)",
    "hazard_level": 1,
    "relative_velocity": 21.3708480944,
    "diameter": 0.411187571
  },
  {
    "name": "(2018 CU)",
    "hazard_level": 1,
    "relative_velocity": 21.3708480944,
    "diameter": 0.411187571
  },
  {
    "name": "(2019 CU)",
    "hazard_level": 1,
    "relative_velocity": 21.3708480944,
    "diameter": 0.411187571
  },
  {
    "name": "(2020 CU)",
    "hazard_level": 1,
    "relative_velocity": 21.3708480944,
    "diameter": 0.411187571
  }

]