[
  {
    "meteor": {
      "name": "Prazosin Hydrochloride",
      "hazard_level": 1,
      "relative_velocity": 15.4216,
      "diameter": 64.6061
    }
  },
  {
    "meteor": {
      "name": "Antiseptic",
      "hazard_level": 4,
      "relative_velocity": 24.2695,
      "diameter": 470.1042
    }
  },
  {
    "meteor": {
      "name": "CVS Pharmacy",
      "hazard_level": 4,
      "relative_velocity": 31.1405,
      "diameter": 429.3337
    }
  },
  {
    "meteor": {
      "name": "Mucus ER",
      "hazard_level": 2,
      "relative_velocity": 6.8535,
      "diameter": 477.714
    }
  },
  {
    "meteor": {
      "name": "RISPERIDONE",
      "hazard_level": 3,
      "relative_velocity": 25.1298,
      "diameter": 418.1952
    }
  },
  {
    "meteor": {
      "name": "Promethazine",
      "hazard_level": 3,
      "relative_velocity": 25.7154,
      "diameter": 229.8056
    }
  },
  {
    "meteor": {
      "name": "Quetiapine Fumarate",
      "hazard_level": 1,
      "relative_velocity": 35.3851,
      "diameter": 44.0654
    }
  },
  {
    "meteor": {
      "name": "WESTERN WHEAT POLLEN",
      "hazard_level": 2,
      "relative_velocity": 45.1756,
      "diameter": 440.328
    }
  },
  {
    "meteor": {
      "name": "Type 11 Dizziness Max",
      "hazard_level": 5,
      "relative_velocity": 34.1331,
      "diameter": 320.596
    }
  },
  {
    "meteor": {
      "name": "Methadone Hydrochloride",
      "hazard_level": 4,
      "relative_velocity": 42.5787,
      "diameter": 363.4325
    }
  },
  {
    "meteor": {
      "name": "Invigora No. 23",
      "hazard_level": 1,
      "relative_velocity": 4.513,
      "diameter": 410.8217
    }
  },
  {
    "meteor": {
      "name": "Hand Soap",
      "hazard_level": 1,
      "relative_velocity": 33.3515,
      "diameter": 301.5987
    }
  },
  {
    "meteor": {
      "name": "77 Pieces",
      "hazard_level": 3,
      "relative_velocity": 24.25,
      "diameter": 162.7199
    }
  },
  {
    "meteor": {
      "name": "PAIN RELIEF",
      "hazard_level": 5,
      "relative_velocity": 10.1032,
      "diameter": 100.0821
    }
  },
  {
    "meteor": {
      "name": "FUL-GLO",
      "hazard_level": 3,
      "relative_velocity": 42.5974,
      "diameter": 142.7591
    }
  },
  {
    "meteor": {
      "name": "Fungicure",
      "hazard_level": 2,
      "relative_velocity": 28.5701,
      "diameter": 248.1792
    }
  },
  {
    "meteor": {
      "name": "XSoftener",
      "hazard_level": 1,
      "relative_velocity": 41.9835,
      "diameter": 482.2969
    }
  },
  {
    "meteor": {
      "name": "MDSolarSciences",
      "hazard_level": 3,
      "relative_velocity": 18.9157,
      "diameter": 291.2871
    }
  },
  {
    "meteor": {
      "name": "e and Mint",
      "hazard_level": 1,
      "relative_velocity": 12.3386,
      "diameter": 173.0723
    }
  },
  {
    "meteor": {
      "name": "Anti-Bacterial Hand",
      "hazard_level": 3,
      "relative_velocity": 18.8972,
      "diameter": 264.4709
    }
  },
  {
    "meteor": {
      "name": "INFANTS",
      "hazard_level": 3,
      "relative_velocity": 19.1892,
      "diameter": 475.9841
    }
  },
  {
    "meteor": {
      "name": "EMF and Balance",
      "hazard_level": 2,
      "relative_velocity": 25.8421,
      "diameter": 331.0461
    }
  },
  {
    "meteor": {
      "name": "Sanitizer",
      "hazard_level": 4,
      "relative_velocity": 10.7127,
      "diameter": 436.0121
    }
  },
  {
    "meteor": {
      "name": "Soma",
      "hazard_level": 3,
      "relative_velocity": 3.0154,
      "diameter": 291.4669
    }
  },
  {
    "meteor": {
      "name": "Meclizine",
      "hazard_level": 2,
      "relative_velocity": 7.0214,
      "diameter": 35.0042
    }
  },
  {
    "meteor": {
      "name": "Lidocaine",
      "hazard_level": 5,
      "relative_velocity": 12.364,
      "diameter": 281.7457
    }
  },
  {
    "meteor": {
      "name": "ANTACID",
      "hazard_level": 5,
      "relative_velocity": 17.3927,
      "diameter": 482.9677
    }
  }
]