[
  {
    "meteor": {
      "name": "Coal Tar",
      "hazard_level": 3,
      "relative_velocity": 35.8325,
      "diameter": 527.5082
    }
  },
  {
    "meteor": {
      "name": "zinc oxide",
      "hazard_level": 5,
      "relative_velocity": 26.156,
      "diameter": 492.7431
    }
  },
  {
    "meteor": {
      "name": "Polyethylene 3350",
      "hazard_level": 2,
      "relative_velocity": 18.4141,
      "diameter": 139.8858
    }
  },
  {
    "meteor": {
      "name": "BUPROPION",
      "hazard_level": 1,
      "relative_velocity": 42.3133,
      "diameter": 27.3213
    }
  },
  {
    "meteor": {
      "name": "flecainide acetate",
      "hazard_level": 4,
      "relative_velocity": 37.6342,
      "diameter": 104.0254
    }
  },
  {
    "meteor": {
      "name": "simvastatin",
      "hazard_level": 2,
      "relative_velocity": 30.137,
      "diameter": 1042.8707
    }
  },
  {
    "meteor": {
      "name": "xide",
      "hazard_level": 2,
      "relative_velocity": 20.0222,
      "diameter": 830.5803
    }
  },
  {
    "meteor": {
      "name": "Naproxen Sodium",
      "hazard_level": 3,
      "relative_velocity": 11.5726,
      "diameter": 680.3822
    }
  },
  {
    "meteor": {
      "name": "Coagulation",
      "hazard_level": 4,
      "relative_velocity": 10.2812,
      "diameter": 315.8046
    }
  },
  {
    "meteor": {
      "name": "metoprolol tartrate",
      "hazard_level": 2,
      "relative_velocity": 4.3265,
      "diameter": 1120.6516
    }
  },
  {
    "meteor": {
      "name": "Docusate sodium",
      "hazard_level": 3,
      "relative_velocity": 25.9919,
      "diameter": 363.2789
    }
  },
  {
    "meteor": {
      "name": "Goat Epithelium",
      "hazard_level": 1,
      "relative_velocity": 25.9506,
      "diameter": 1014.2908
    }
  },
  {
    "meteor": {
      "name": "Nettle",
      "hazard_level": 4,
      "relative_velocity": 0.2386,
      "diameter": 562.9324
    }
  },
  {
    "meteor": {
      "name": "BOTRYTIS CINEREA",
      "hazard_level": 1,
      "relative_velocity": 2.132,
      "diameter": 932.6442
    }
  },
  {
    "meteor": {
      "name": "Bertholletia excelsa",
      "hazard_level": 4,
      "relative_velocity": 11.4613,
      "diameter": 1080.6639
    }
  },
  {
    "meteor": {
      "name": "CEFADROXIL",
      "hazard_level": 4,
      "relative_velocity": 35.047,
      "diameter": 552.4645
    }
  },
  {
    "meteor": {
      "name": "Hydrochloride",
      "hazard_level": 5,
      "relative_velocity": 32.6522,
      "diameter": 414.3784
    }
  },
  {
    "meteor": {
      "name": "Nicotine polacrilex",
      "hazard_level": 2,
      "relative_velocity": 4.3693,
      "diameter": 476.8664
    }
  },
  {
    "meteor": {
      "name": "Lansoprazole",
      "hazard_level": 4,
      "relative_velocity": 7.641,
      "diameter": 611.6993
    }
  },
  {
    "meteor": {
      "name": "HYDROGEN PEROXIDE",
      "hazard_level": 4,
      "relative_velocity": 7.5011,
      "diameter": 1074.3507
    }
  },
  {
    "meteor": {
      "name": "Dog Epithelium",
      "hazard_level": 2,
      "relative_velocity": 21.8395,
      "diameter": 801.8238
    }
  },
  {
    "meteor": {
      "name": "Sertraline",
      "hazard_level": 2,
      "relative_velocity": 20.0415,
      "diameter": 303.6323
    }
  },
  {
    "meteor": {
      "name": "Dimenhydrinate",
      "hazard_level": 1,
      "relative_velocity": 3.2576,
      "diameter": 734.0776
    }
  },
  {
    "meteor": {
      "name": "Sesame Seed",
      "hazard_level": 1,
      "relative_velocity": 20.6117,
      "diameter": 187.4578
    }
  },
  {
    "meteor": {
      "name": "Allantoin",
      "hazard_level": 2,
      "relative_velocity": 27.3652,
      "diameter": 854.5481
    }
  },
  {
    "meteor": {
      "name": "benzonatate",
      "hazard_level": 2,
      "relative_velocity": 21.5433,
      "diameter": 1289.6539
    }
  },
  {
    "meteor": {
      "name": "Desert Sage",
      "hazard_level": 2,
      "relative_velocity": 29.4679,
      "diameter": 473.003
    }
  },
  {
    "meteor": {
      "name": "Desert Sage",
      "hazard_level": 2,
      "relative_velocity": 29.4679,
      "diameter": 473.003
    }
  }
]