[{
  "name": "TITANIUM DIOXIDE and OCTINOXATE",
  "hazard_level": 3,
  "relative_velocity": 27.9349,
  "diameter": 1631.3076
}, {
  "name": "Benzalkonium Chloride",
  "hazard_level": 4,
  "relative_velocity": 36.5279,
  "diameter": 846.0287
}, {
  "name": "California Valley White Oak",
  "hazard_level": 3,
  "relative_velocity": 17.3745,
  "diameter": 1301.3898
}, {
  "name": "SODIUM FLUORIDE",
  "hazard_level": 1,
  "relative_velocity": 38.4188,
  "diameter": 813.4824
}, {
  "name": "TITANIUM DIOXIDE",
  "hazard_level": 4,
  "relative_velocity": 42.3888,
  "diameter": 922.0085
}, {
  "name": "nateglinide",
  "hazard_level": 3,
  "relative_velocity": 31.9774,
  "diameter": 1248.7011
}, {
  "name": "Avobenzone, Homosalate, Octisalate, Octocrylene and Oxybenzone",
  "hazard_level": 1,
  "relative_velocity": 25.6097,
  "diameter": 1519.5297
}, {
  "name": "Sulindac",
  "hazard_level": 4,
  "relative_velocity": 15.229,
  "diameter": 1357.4735
}, {
  "name": "Hydrocortisone",
  "hazard_level": 4,
  "relative_velocity": 44.5724,
  "diameter": 1591.9877
}, {
  "name": "Octinoxate and Oxybenzone",
  "hazard_level": 4,
  "relative_velocity": 28.2284,
  "diameter": 1106.9465
}, {
  "name": "DIAZEPAM",
  "hazard_level": 3,
  "relative_velocity": 12.101,
  "diameter": 836.6841
}, {
  "name": "Carboxymethylcellulose sodium",
  "hazard_level": 2,
  "relative_velocity": 22.0254,
  "diameter": 1243.0211
}, {
  "name": "zolpidem tartrate",
  "hazard_level": 3,
  "relative_velocity": 3.8964,
  "diameter": 1222.6754
}, {
  "name": "Imiquimod",
  "hazard_level": 3,
  "relative_velocity": 2.9456,
  "diameter": 1457.3655
}, {
  "name": "Chimaphila umb, Clematis virg, Conium, Cubeba, Sabal",
  "hazard_level": 3,
  "relative_velocity": 4.5536,
  "diameter": 1742.927
}, {
  "name": "Sennosides",
  "hazard_level": 3,
  "relative_velocity": 27.2416,
  "diameter": 1774.2167
}, {
  "name": "MENTHOL METHYL SALICYLATE CAPSAICIN",
  "hazard_level": 5,
  "relative_velocity": 25.595,
  "diameter": 1117.7493
}, {
  "name": "MIRTAZAPINE",
  "hazard_level": 4,
  "relative_velocity": 48.149,
  "diameter": 1242.1699
}, {
  "name": "Ziprasidone Hydrochloride",
  "hazard_level": 2,
  "relative_velocity": 49.5371,
  "diameter": 1567.5167
}, {
  "name": "Danazol",
  "hazard_level": 5,
  "relative_velocity": 12.1002,
  "diameter": 814.5006
}, {
  "name": "Danazol",
  "hazard_level": 5,
  "relative_velocity": 12.1002,
  "diameter": 814.5006
}, {
  "name": "OXYGEN",
  "hazard_level": 4,
  "relative_velocity": 31.2579,
  "diameter": 1742.2405
}, {
  "name": "Horse Epithelium",
  "hazard_level": 2,
  "relative_velocity": 19.4697,
  "diameter": 1332.0494
}, {
  "name": "Ceftriaxone",
  "hazard_level": 4,
  "relative_velocity": 12.7255,
  "diameter": 1192.8284
}, {
  "name": "zinc oxide and octinoxate",
  "hazard_level": 5,
  "relative_velocity": 34.973,
  "diameter": 1313.6105
}, {
  "name": "verapamil hydrochloride",
  "hazard_level": 4,
  "relative_velocity": 47.4152,
  "diameter": 1754.8631
}, {
  "name": "Dandelion",
  "hazard_level": 4,
  "relative_velocity": 0.1485,
  "diameter": 1043.0784
}, {
  "name": "AVOBENZONE, OCTOCRYLENE, OXYBENZONE",
  "hazard_level": 1,
  "relative_velocity": 9.8558,
  "diameter": 1728.0578
}]